registry_identifier,TITLE,Lead_Sponsor,Trial_Phase,Current_State,Participants_Planned,Date_Started
EUCTR-9327-IT,European Study 1 on Treatment Protocols,EuroPharma,III,Ongoing,205,02/04/2025
EUCTR-4778-DE,European Study 2 on Treatment Protocols,EuroPharma,II,Ongoing,509,18/05/2025
EUCTR-1947-IT,European Study 3 on Treatment Protocols,EuroPharma,III,Ongoing,407,11/04/2025
EUCTR-7837-FR,European Study 4 on Treatment Protocols,MedResearch GmbH,III,Halted,853,15/03/2025
EUCTR-6578-IT,European Study 5 on Treatment Protocols,EuroPharma,I,Finished,143,27/11/2025
EUCTR-5236-IT,European Study 6 on Treatment Protocols,MedResearch GmbH,I,Halted,363,28/02/2025
EUCTR-3951-FR,European Study 7 on Treatment Protocols,MedResearch GmbH,II,Ongoing,858,26/04/2025
EUCTR-2245-DE,European Study 8 on Treatment Protocols,MedResearch GmbH,I,Finished,436,27/05/2025
EUCTR-7751-FR,European Study 9 on Treatment Protocols,EuroPharma,I,Halted,722,16/10/2025
EUCTR-4542-IT,European Study 10 on Treatment Protocols,EuroPharma,II,Halted,765,20/02/2025
EUCTR-5459-DE,European Study 11 on Treatment Protocols,MedResearch GmbH,IV,Halted,462,09/11/2025
EUCTR-6543-FR,European Study 12 on Treatment Protocols,Institut de Santé,I,Halted,648,09/01/2025
EUCTR-7745-FR,European Study 13 on Treatment Protocols,MedResearch GmbH,II,Ongoing,687,27/11/2025
EUCTR-5797-FR,European Study 14 on Treatment Protocols,MedResearch GmbH,III,Halted,662,26/02/2025
EUCTR-8710-DE,European Study 15 on Treatment Protocols,MedResearch GmbH,III,Ongoing,304,26/02/2025
EUCTR-8848-IT,European Study 16 on Treatment Protocols,MedResearch GmbH,II,Finished,TBD,21/10/2025
EUCTR-3966-IT,European Study 17 on Treatment Protocols,EuroPharma,II,Ongoing,154,28/07/2025
EUCTR-8416-IT,European Study 18 on Treatment Protocols,Institut de Santé,IV,Halted,678,20/04/2025
EUCTR-1722-IT,European Study 19 on Treatment Protocols,MedResearch GmbH,IV,Finished,397,12/01/2025
EUCTR-4964-IT,European Study 20 on Treatment Protocols,EuroPharma,III,Ongoing,120,26/05/2025
EUCTR-7326-IT,European Study 21 on Treatment Protocols,Institut de Santé,IV,Halted,136,01-01-2025
EUCTR-5252-IT,European Study 22 on Treatment Protocols,MedResearch GmbH,II,Ongoing,342,21/09/2025
EUCTR-1325-DE,European Study 23 on Treatment Protocols,Institut de Santé,III,Halted,232,30/03/2025
EUCTR-3006-FR,European Study 24 on Treatment Protocols,MedResearch GmbH,I,Halted,284,24/09/2025
EUCTR-3691-FR,European Study 25 on Treatment Protocols,Institut de Santé,IV,Halted,665,12/08/2025
EUCTR-4865-DE,European Study 26 on Treatment Protocols,Institut de Santé,III,Finished,332,28/10/2025
EUCTR-3970-DE,European Study 27 on Treatment Protocols,Institut de Santé,I,Ongoing,967,25/09/2025
EUCTR-6166-DE,European Study 28 on Treatment Protocols,Institut de Santé,IV,Ongoing,100,23/10/2025
EUCTR-4938-DE,European Study 29 on Treatment Protocols,Institut de Santé,II,Finished,781,24/02/2025
EUCTR-3218-FR,European Study 30 on Treatment Protocols,EuroPharma,I,Ongoing,880,12/04/2025
EUCTR-5453-FR,European Study 31 on Treatment Protocols,Institut de Santé,I,Halted,348,26/06/2025
EUCTR-3321-FR,European Study 32 on Treatment Protocols,EuroPharma,I,Halted,496,03/02/2025
EUCTR-6334-FR,European Study 33 on Treatment Protocols,Institut de Santé,II,Halted,741,12/03/2025
EUCTR-5213-FR,European Study 34 on Treatment Protocols,MedResearch GmbH,IV,Finished,352,31/08/2025
EUCTR-9401-IT,European Study 35 on Treatment Protocols,Institut de Santé,II,Ongoing,734,11/04/2025
EUCTR-2448-DE,European Study 36 on Treatment Protocols,Institut de Santé,III,Halted,192,15/03/2025
EUCTR-1639-FR,European Study 37 on Treatment Protocols,MedResearch GmbH,I,Finished,897,06/08/2025
EUCTR-7937-IT,European Study 38 on Treatment Protocols,EuroPharma,II,Finished,153,15/06/2025
EUCTR-9149-FR,European Study 39 on Treatment Protocols,Institut de Santé,II,Ongoing,167,09/11/2025
EUCTR-6812-DE,European Study 40 on Treatment Protocols,EuroPharma,I,Finished,272,09/10/2025
EUCTR-9155-IT,European Study 41 on Treatment Protocols,EuroPharma,IV,Ongoing,310,11/10/2025
EUCTR-3924-FR,European Study 42 on Treatment Protocols,Institut de Santé,III,Halted,395,15/07/2025
EUCTR-1877-IT,European Study 43 on Treatment Protocols,MedResearch GmbH,I,Halted,731,10/04/2025
EUCTR-6496-FR,European Study 44 on Treatment Protocols,EuroPharma,II,Halted,263,10/06/2025
EUCTR-5850-FR,European Study 45 on Treatment Protocols,MedResearch GmbH,III,Ongoing,374,29/11/2025
EUCTR-1680-FR,European Study 46 on Treatment Protocols,Institut de Santé,I,Halted,565,18/09/2025
EUCTR-2278-IT,European Study 47 on Treatment Protocols,Institut de Santé,IV,Finished,858,17/08/2025
EUCTR-8093-IT,European Study 48 on Treatment Protocols,MedResearch GmbH,II,Halted,273,31/07/2025
EUCTR-7028-FR,European Study 49 on Treatment Protocols,EuroPharma,IV,Finished,336,04/06/2025
EUCTR-7249-IT,European Study 50 on Treatment Protocols,MedResearch GmbH,IV,Ongoing,639,24/04/2025
EUCTR-8134-FR,European Study 51 on Treatment Protocols,MedResearch GmbH,II,Halted,313,14/11/2025
EUCTR-4101-FR,European Study 52 on Treatment Protocols,MedResearch GmbH,II,Finished,935,20/02/2025
EUCTR-2454-DE,European Study 53 on Treatment Protocols,Institut de Santé,IV,Finished,569,11/10/2025
EUCTR-3347-FR,European Study 54 on Treatment Protocols,EuroPharma,I,Finished,142,25/08/2025
EUCTR-5419-FR,European Study 55 on Treatment Protocols,MedResearch GmbH,I,Halted,806,27/01/2025
EUCTR-2242-DE,European Study 56 on Treatment Protocols,MedResearch GmbH,III,Halted,623,03/09/2025
EUCTR-5119-FR,European Study 57 on Treatment Protocols,EuroPharma,I,Halted,888,20/04/2025
EUCTR-5851-DE,European Study 58 on Treatment Protocols,Institut de Santé,III,Ongoing,279,13/03/2025
EUCTR-6170-FR,European Study 59 on Treatment Protocols,Institut de Santé,III,Ongoing,380,03/03/2025
EUCTR-7909-FR,European Study 60 on Treatment Protocols,Institut de Santé,III,Finished,194,21/06/2025
EUCTR-8548-DE,European Study 61 on Treatment Protocols,EuroPharma,I,Halted,443,01/06/2025
EUCTR-6612-IT,European Study 62 on Treatment Protocols,Institut de Santé,II,Finished,674,18/11/2025
EUCTR-9921-IT,European Study 63 on Treatment Protocols,EuroPharma,III,Halted,173,15/05/2025
EUCTR-8145-DE,European Study 64 on Treatment Protocols,MedResearch GmbH,II,Halted,128,09/10/2025
EUCTR-3027-DE,European Study 65 on Treatment Protocols,MedResearch GmbH,III,Finished,996,14/09/2025
EUCTR-1427-FR,European Study 66 on Treatment Protocols,Institut de Santé,III,Finished,610,10/02/2025
EUCTR-1584-FR,European Study 67 on Treatment Protocols,Institut de Santé,III,Halted,634,26/09/2025
EUCTR-6898-FR,European Study 68 on Treatment Protocols,MedResearch GmbH,III,Ongoing,227,01/07/2025
EUCTR-4524-FR,European Study 69 on Treatment Protocols,EuroPharma,III,Halted,680,26/03/2025
EUCTR-8847-IT,European Study 70 on Treatment Protocols,EuroPharma,I,Ongoing,972,09/02/2025
EUCTR-8724-IT,European Study 71 on Treatment Protocols,EuroPharma,I,Halted,200,18/07/2025
EUCTR-9012-FR,European Study 72 on Treatment Protocols,MedResearch GmbH,II,Ongoing,228,29/01/2025
EUCTR-5062-FR,European Study 73 on Treatment Protocols,Institut de Santé,III,Finished,666,20/05/2025
EUCTR-2587-IT,European Study 74 on Treatment Protocols,Institut de Santé,III,Finished,965,07/07/2025
EUCTR-5828-IT,European Study 75 on Treatment Protocols,EuroPharma,II,Finished,862,04/10/2025
EUCTR-6713-IT,European Study 76 on Treatment Protocols,EuroPharma,II,Ongoing,950,21/10/2025
EUCTR-6784-FR,European Study 77 on Treatment Protocols,EuroPharma,III,Ongoing,552,04/06/2025
EUCTR-8287-FR,European Study 78 on Treatment Protocols,MedResearch GmbH,IV,Halted,586,10/09/2025
EUCTR-8911-FR,European Study 79 on Treatment Protocols,MedResearch GmbH,I,Halted,552,30/10/2025
EUCTR-7681-DE,European Study 80 on Treatment Protocols,Institut de Santé,I,Halted,790,04/05/2025
EUCTR-3723-DE,European Study 81 on Treatment Protocols,MedResearch GmbH,III,Finished,433,07/06/2025
EUCTR-8778-DE,European Study 82 on Treatment Protocols,MedResearch GmbH,III,Halted,549,23/08/2025
EUCTR-6396-IT,European Study 83 on Treatment Protocols,EuroPharma,IV,Halted,570,25/11/2025
EUCTR-3729-FR,European Study 84 on Treatment Protocols,EuroPharma,IV,Ongoing,695,21/07/2025
EUCTR-6220-DE,European Study 85 on Treatment Protocols,Institut de Santé,I,Ongoing,293,12/12/2025
EUCTR-3952-IT,European Study 86 on Treatment Protocols,MedResearch GmbH,II,Finished,911,05/05/2025
EUCTR-3680-IT,European Study 87 on Treatment Protocols,MedResearch GmbH,I,Halted,890,10/10/2025
EUCTR-7504-FR,European Study 88 on Treatment Protocols,Institut de Santé,I,Finished,270,02/01/2025
EUCTR-9501-FR,European Study 89 on Treatment Protocols,Institut de Santé,II,Halted,923,09/08/2025
EUCTR-1458-DE,European Study 90 on Treatment Protocols,EuroPharma,IV,Finished,443,29/07/2025
EUCTR-8516-FR,European Study 91 on Treatment Protocols,MedResearch GmbH,II,Halted,781,15/05/2025
EUCTR-2259-DE,European Study 92 on Treatment Protocols,MedResearch GmbH,I,Ongoing,596,25/04/2025
EUCTR-1298-FR,European Study 93 on Treatment Protocols,Institut de Santé,II,Finished,879,20/07/2025
EUCTR-1194-DE,European Study 94 on Treatment Protocols,EuroPharma,IV,Halted,978,06/12/2025
EUCTR-5699-DE,European Study 95 on Treatment Protocols,EuroPharma,III,Finished,829,03/08/2025
EUCTR-9117-DE,European Study 96 on Treatment Protocols,Institut de Santé,IV,Finished,812,23/05/2025
EUCTR-5377-DE,European Study 97 on Treatment Protocols,MedResearch GmbH,III,Ongoing,900,21/06/2025
EUCTR-7990-IT,European Study 98 on Treatment Protocols,Institut de Santé,IV,Halted,529,11/12/2025
EUCTR-5810-DE,European Study 99 on Treatment Protocols,EuroPharma,IV,Finished,280,04/12/2025
EUCTR-1576-DE,European Study 100 on Treatment Protocols,EuroPharma,IV,Finished,992,06/07/2025
