nct_id,study_title,sponsor_name,phase,status,target_enrollment,start_date
NCT91090359,Clinical Trial A-1: Efficacy of Compound Beta,Global Research Ltd,Phase 3,"Active, not recruiting",,2025-09-13
NCT94166316,Clinical Trial A-2: Efficacy of Compound Beta,BioTech Corp,Phase 2,Completed,,2025-08-18
NCT67187525,Clinical Trial A-3: Efficacy of Compound Alpha,Global Research Ltd,N/A,Completed,351,2025-08-14
NCT92205895,Clinical Trial A-4: Efficacy of Compound Beta,Global Research Ltd,Phase 3,"Active, not recruiting",,2025-11-14
NCT91418168,Clinical Trial A-5: Efficacy of Compound Gamma,Pharma Inc,Phase 3,"Active, not recruiting",486,2025-10-20
NCT65688850,Clinical Trial A-6: Efficacy of Compound Alpha,Pharma Inc,N/A,Completed,Not a Number,2025-07-18
NCT15650706,Clinical Trial A-7: Efficacy of Compound Gamma,Pharma Inc,Phase 3,"Active, not recruiting",,2025-06-09
NCT27055529,Clinical Trial A-8: Efficacy of Compound Alpha,BioTech Corp,Phase 2,Recruiting,351,2025-06-16
NCT70074729,Clinical Trial A-9: Efficacy of Compound Gamma,BioTech Corp,Phase 3,"Active, not recruiting",Unknown,2025-05-19
NCT34335079,Clinical Trial A-10: Efficacy of Compound Beta,BioTech Corp,Phase 3,Completed,,2025-03-08
NCT64113073,Clinical Trial A-11: Efficacy of Compound Alpha,BioTech Corp,Phase 1,"Active, not recruiting",Unknown,2025-13-45
NCT67632424,Clinical Trial A-12: Efficacy of Compound Gamma,BioTech Corp,Phase 2,Terminated,Unknown,2025-02-22
NCT52726265,Clinical Trial A-13: Efficacy of Compound Alpha,BioTech Corp,N/A,"Active, not recruiting",Unknown,2025-02-21
NCT53307588,Clinical Trial A-14: Efficacy of Compound Alpha,Pharma Inc,Phase 3,Terminated,133,2025-12-23
NCT46802716,Clinical Trial A-15: Efficacy of Compound Beta,Global Research Ltd,Phase 2,Terminated,301,2025-01-30
NCT68657152,Clinical Trial A-16: Efficacy of Compound Beta,BioTech Corp,Phase 3,"Active, not recruiting",,2025-10-12
NCT78741242,Clinical Trial A-17: Efficacy of Compound Alpha,BioTech Corp,Phase 3,Terminated,,2025-01-19
NCT27166668,Clinical Trial A-18: Efficacy of Compound Beta,BioTech Corp,Phase 1,Completed,Unknown,2025-09-07
NCT26768850,Clinical Trial A-19: Efficacy of Compound Gamma,Global Research Ltd,Phase 3,Recruiting,268,2025-07-11
NCT14779408,Clinical Trial A-20: Efficacy of Compound Alpha,Pharma Inc,Phase 3,Recruiting,Unknown,2025-08-13
NCT27866827,Clinical Trial A-21: Efficacy of Compound Beta,BioTech Corp,N/A,"Active, not recruiting",Unknown,2025-07-09
NCT27887571,Clinical Trial A-22: Efficacy of Compound Beta,BioTech Corp,N/A,"Active, not recruiting",,2025-04-07
NCT26758744,Clinical Trial A-23: Efficacy of Compound Beta,Global Research Ltd,Phase 3,Completed,,2025-10-31
NCT61766111,Clinical Trial A-24: Efficacy of Compound Alpha,Pharma Inc,N/A,Completed,,2025-09-20
NCT58956457,Clinical Trial A-25: Efficacy of Compound Alpha,BioTech Corp,Phase 1,"Active, not recruiting",,2025-03-12
NCT89461764,Clinical Trial A-26: Efficacy of Compound Alpha,BioTech Corp,Phase 2,Recruiting,,2025-06-11
NCT98218161,Clinical Trial A-27: Efficacy of Compound Alpha,BioTech Corp,Phase 2,Recruiting,,2025-10-17
NCT65110685,Clinical Trial A-28: Efficacy of Compound Alpha,Global Research Ltd,Phase 3,Completed,Unknown,2025-07-17
NCT69289783,Clinical Trial A-29: Efficacy of Compound Alpha,Pharma Inc,Phase 2,Recruiting,155,2025-01-07
NCT69614940,Clinical Trial A-30: Efficacy of Compound Gamma,Global Research Ltd,N/A,Completed,,2025-03-10
NCT51624907,Clinical Trial A-31: Efficacy of Compound Gamma,BioTech Corp,Phase 1,Completed,Unknown,2025-07-17
NCT43857530,Clinical Trial A-32: Efficacy of Compound Beta,Global Research Ltd,N/A,Completed,,2025-01-08
NCT92643678,Clinical Trial A-33: Efficacy of Compound Gamma,Pharma Inc,Phase 3,"Active, not recruiting",,2025-02-16
NCT13349837,Clinical Trial A-34: Efficacy of Compound Beta,Pharma Inc,Phase 3,"Active, not recruiting",293,2025-05-01
NCT79686839,Clinical Trial A-35: Efficacy of Compound Beta,Pharma Inc,Phase 3,Completed,126,2025-09-18
NCT79092913,Clinical Trial A-36: Efficacy of Compound Gamma,BioTech Corp,Phase 1,"Active, not recruiting",385,2025-03-27
NCT79505887,Clinical Trial A-37: Efficacy of Compound Beta,Global Research Ltd,Phase 1,"Active, not recruiting",Unknown,2025-07-13
NCT81257272,Clinical Trial A-38: Efficacy of Compound Gamma,Pharma Inc,Phase 1,Recruiting,,2025-06-14
NCT91120845,Clinical Trial A-39: Efficacy of Compound Alpha,Pharma Inc,Phase 3,Completed,369,2025-10-31
NCT65785462,Clinical Trial A-40: Efficacy of Compound Beta,Global Research Ltd,Phase 1,"Active, not recruiting",Unknown,2025-03-17
NCT79017380,Clinical Trial A-41: Efficacy of Compound Beta,Pharma Inc,Phase 2,"Active, not recruiting",Unknown,2025-07-08
NCT41772090,Clinical Trial A-42: Efficacy of Compound Alpha,Pharma Inc,Phase 3,Recruiting,,2025-12-06
NCT14818215,Clinical Trial A-43: Efficacy of Compound Alpha,Pharma Inc,N/A,Completed,,2025-11-03
NCT43627998,Clinical Trial A-44: Efficacy of Compound Gamma,BioTech Corp,Phase 1,Recruiting,Unknown,2025-01-26
NCT30569103,Clinical Trial A-45: Efficacy of Compound Beta,BioTech Corp,Phase 3,Completed,453,2025-05-20
NCT61868215,Clinical Trial A-46: Efficacy of Compound Beta,Global Research Ltd,Phase 2,Completed,Unknown,2025-08-20
NCT26164985,Clinical Trial A-47: Efficacy of Compound Beta,Pharma Inc,Phase 2,Terminated,178,2025-08-22
NCT81808875,Clinical Trial A-48: Efficacy of Compound Beta,Pharma Inc,N/A,Terminated,,2025-05-25
NCT57926713,Clinical Trial A-49: Efficacy of Compound Beta,BioTech Corp,Phase 1,"Active, not recruiting",344,2025-03-15
NCT33099015,Clinical Trial A-50: Efficacy of Compound Beta,Pharma Inc,Phase 2,Recruiting,90,2026-01-01
NCT87779911,Clinical Trial A-51: Efficacy of Compound Gamma,BioTech Corp,Phase 3,Recruiting,Unknown,2025-07-09
NCT96086757,Clinical Trial A-52: Efficacy of Compound Beta,BioTech Corp,Phase 2,Terminated,356,2025-06-15
NCT42786975,Clinical Trial A-53: Efficacy of Compound Alpha,BioTech Corp,Phase 3,"Active, not recruiting",,2025-06-25
NCT61743364,Clinical Trial A-54: Efficacy of Compound Alpha,Pharma Inc,Phase 2,Completed,,2025-02-14
NCT64557572,Clinical Trial A-55: Efficacy of Compound Beta,Global Research Ltd,Phase 2,Recruiting,Unknown,2025-01-26
NCT96225571,Clinical Trial A-56: Efficacy of Compound Alpha,BioTech Corp,Phase 1,Terminated,Unknown,2025-03-20
NCT31702895,Clinical Trial A-57: Efficacy of Compound Beta,Pharma Inc,Phase 1,"Active, not recruiting",,2025-08-05
NCT63021506,Clinical Trial A-58: Efficacy of Compound Gamma,BioTech Corp,Phase 3,Recruiting,352,2025-08-31
NCT69741108,Clinical Trial A-59: Efficacy of Compound Beta,BioTech Corp,Phase 1,"Active, not recruiting",,2025-05-08
NCT54578605,Clinical Trial A-60: Efficacy of Compound Gamma,Pharma Inc,Phase 1,Terminated,,2025-11-05
NCT83401025,Clinical Trial A-61: Efficacy of Compound Beta,BioTech Corp,N/A,Completed,,2025-04-29
NCT35694903,Clinical Trial A-62: Efficacy of Compound Alpha,Pharma Inc,N/A,"Active, not recruiting",365,2025-10-14
NCT75577542,Clinical Trial A-63: Efficacy of Compound Gamma,BioTech Corp,Phase 1,Terminated,194,2025-10-12
NCT86522636,Clinical Trial A-64: Efficacy of Compound Alpha,Global Research Ltd,Phase 3,"Active, not recruiting",116,2025-12-18
NCT55721388,Clinical Trial A-65: Efficacy of Compound Alpha,Pharma Inc,Phase 1,Completed,222,2025-06-11
NCT50548885,Clinical Trial A-66: Efficacy of Compound Alpha,Global Research Ltd,Phase 2,Recruiting,,2025-03-07
NCT26890739,Clinical Trial A-67: Efficacy of Compound Gamma,Pharma Inc,Phase 3,Completed,243,2025-01-20
NCT35953599,Clinical Trial A-68: Efficacy of Compound Alpha,Pharma Inc,Phase 3,Terminated,Unknown,2025-05-15
NCT83447624,Clinical Trial A-69: Efficacy of Compound Gamma,BioTech Corp,Phase 1,"Active, not recruiting",127,2025-01-04
NCT55401141,Clinical Trial A-70: Efficacy of Compound Alpha,BioTech Corp,N/A,"Active, not recruiting",Unknown,2025-07-18
NCT85620530,Clinical Trial A-71: Efficacy of Compound Alpha,Pharma Inc,N/A,"Active, not recruiting",,2025-08-28
NCT51866305,Clinical Trial A-72: Efficacy of Compound Beta,Pharma Inc,N/A,Terminated,300,2025-01-20
NCT92106988,Clinical Trial A-73: Efficacy of Compound Beta,BioTech Corp,Phase 2,Completed,181,2025-07-05
NCT29335224,Clinical Trial A-74: Efficacy of Compound Alpha,Pharma Inc,Phase 2,Recruiting,121,2025-05-05
NCT58526713,Clinical Trial A-75: Efficacy of Compound Gamma,Global Research Ltd,Phase 1,Completed,,2025-09-08
NCT82016192,Clinical Trial A-76: Efficacy of Compound Alpha,Global Research Ltd,Phase 2,Terminated,158,2025-06-28
NCT66519501,Clinical Trial A-77: Efficacy of Compound Gamma,Pharma Inc,Phase 1,Terminated,275,2025-03-05
NCT27639557,Clinical Trial A-78: Efficacy of Compound Gamma,Global Research Ltd,Phase 3,Terminated,Unknown,2025-03-25
NCT55266282,Clinical Trial A-79: Efficacy of Compound Gamma,Global Research Ltd,N/A,Terminated,Unknown,2025-03-13
NCT15356319,Clinical Trial A-80: Efficacy of Compound Alpha,BioTech Corp,Phase 2,Terminated,Unknown,2025-04-05
NCT22133994,Clinical Trial A-81: Efficacy of Compound Gamma,Global Research Ltd,N/A,"Active, not recruiting",379,2025-11-05
NCT98273716,Clinical Trial A-82: Efficacy of Compound Beta,BioTech Corp,Phase 2,Completed,239,2025-12-12
NCT92299118,Clinical Trial A-83: Efficacy of Compound Beta,BioTech Corp,Phase 2,Terminated,,2025-10-13
NCT18444501,Clinical Trial A-84: Efficacy of Compound Beta,Pharma Inc,Phase 2,Terminated,261,2025-11-10
NCT42492395,Clinical Trial A-85: Efficacy of Compound Alpha,Global Research Ltd,Phase 3,"Active, not recruiting",,2025-05-04
NCT19220196,Clinical Trial A-86: Efficacy of Compound Alpha,Global Research Ltd,N/A,Recruiting,Unknown,2025-05-03
NCT65321520,Clinical Trial A-87: Efficacy of Compound Gamma,Global Research Ltd,Phase 3,Completed,Unknown,2025-03-22
NCT20470863,Clinical Trial A-88: Efficacy of Compound Alpha,BioTech Corp,Phase 3,"Active, not recruiting",Unknown,2025-11-01
NCT97886026,Clinical Trial A-89: Efficacy of Compound Beta,Global Research Ltd,Phase 2,"Active, not recruiting",,2025-01-03
NCT87287959,Clinical Trial A-90: Efficacy of Compound Alpha,BioTech Corp,Phase 1,Terminated,Unknown,2025-01-19
NCT57989399,Clinical Trial A-91: Efficacy of Compound Gamma,Global Research Ltd,N/A,Terminated,Unknown,2025-12-26
NCT47468510,Clinical Trial A-92: Efficacy of Compound Gamma,Pharma Inc,N/A,Completed,109,2025-08-31
NCT95008007,Clinical Trial A-93: Efficacy of Compound Gamma,BioTech Corp,Phase 3,Terminated,155,2025-06-17
NCT17214014,Clinical Trial A-94: Efficacy of Compound Beta,Global Research Ltd,Phase 3,Recruiting,Unknown,2025-05-06
NCT41893905,Clinical Trial A-95: Efficacy of Compound Gamma,Global Research Ltd,N/A,Terminated,,2025-08-30
NCT96883786,Clinical Trial A-96: Efficacy of Compound Alpha,Pharma Inc,N/A,"Active, not recruiting",Unknown,2025-02-03
NCT75068164,Clinical Trial A-97: Efficacy of Compound Alpha,BioTech Corp,N/A,Terminated,317,2025-07-17
NCT35460354,Clinical Trial A-98: Efficacy of Compound Gamma,BioTech Corp,Phase 1,Recruiting,201,2025-04-13
NCT39281684,Clinical Trial A-99: Efficacy of Compound Beta,Pharma Inc,N/A,Completed,,2025-09-08
NCT95253532,Clinical Trial A-100: Efficacy of Compound Alpha,Global Research Ltd,Phase 3,"Active, not recruiting",Unknown,2025-06-17
